{
  "boston, massachusetts": [
    42.3588336,
    -71.0578303
  ],
  "san francisco": [
    37.7879363,
    -122.4075201
  ],
  "ca": [
    36.7014631,
    -118.755997
  ],
  "los angeles": [
    34.0536909,
    -118.242766
  ],
  "seattle": [
    47.6038321,
    -122.330062
  ],
  "wa": [
    47.2868352,
    -120.212613
  ],
  "boston": [
    42.3588336,
    -71.0578303
  ],
  "ma": [
    42.3788774,
    -72.032366
  ],
  "new york": [
    40.7127281,
    -74.0060152
  ],
  "ny": [
    43.1561681,
    -75.8449946
  ],
  "philadelphia": [
    39.9527237,
    -75.1635262
  ],
  "pa": [
    40.9699889,
    -77.7278831
  ],
  "san diego": [
    32.7174202,
    -117.162772
  ],
  "phoenix": [
    33.4484367,
    -112.074141
  ],
  "az": [
    34.395342,
    -111.763275
  ],
  "miami": [
    25.7741566,
    -80.1935973
  ],
  "fl": [
    27.7567667,
    -81.4639835
  ],
  "tampa": [
    27.9449854,
    -82.4583107
  ],
  "orlando": [
    28.5421218,
    -81.379045
  ],
  "chicago": [
    41.8755616,
    -87.6244212
  ],
  "il": [
    40.0796606,
    -89.4337288
  ],
  "houston": [
    29.7589382,
    -95.3676974
  ],
  "tx": [
    31.2638905,
    -98.5456116
  ],
  "atlanta": [
    33.7544657,
    -84.3898151
  ],
  "ga": [
    32.3293809,
    -83.1137366
  ],
  "nashville": [
    36.1622767,
    -86.7742984
  ],
  "tn": [
    35.7730076,
    -86.2820081
  ],
  "dallas": [
    32.7762719,
    -96.7968559
  ],
  "denver": [
    39.7392364,
    -104.984862
  ],
  "co": [
    38.7251776,
    -105.607716
  ],
  "kansas city": [
    39.100105,
    -94.5781416
  ],
  "mo": [
    38.7604815,
    -92.5617875
  ],
  "portland": [
    45.5202471,
    -122.674194
  ],
  "or": [
    43.9792797,
    -120.737257
  ],
  "sacramento": [
    38.5810606,
    -121.493895
  ],
  "salt lake city": [
    40.7596198,
    -111.886797
  ],
  "ut": [
    39.4225192,
    -111.714358
  ],
  "minneapolis": [
    44.9772995,
    -93.2654692
  ],
  "mn": [
    45.9896587,
    -94.6113288
  ],
  "milwaukee": [
    43.0386475,
    -87.9090751
  ],
  "wi": [
    44.4308975,
    -89.6884637
  ],
  "indianapolis": [
    39.7683331,
    -86.1583502
  ],
  "in": [
    40.3270127,
    -86.1746933
  ],
  "baltimore": [
    39.2908816,
    -76.610759
  ],
  "md": [
    39.5162401,
    -76.9382069
  ],
  "detroit": [
    42.3315509,
    -83.0466403
  ],
  "mi": [
    43.6211955,
    -84.6824346
  ],
  "cleveland": [
    41.4996574,
    -81.6936772
  ],
  "oh": [
    40.2253569,
    -82.6881395
  ],
  "austin": [
    30.2711286,
    -97.7436995
  ],
  "san antonio": [
    29.4246002,
    -98.4951405
  ],
  "greenfield, massachusetts": [
    42.5876342,
    -72.6002068
  ],
  "holliston, massachusetts": [
    42.2000966,
    -71.4245049
  ],
  "lynn, massachusetts": [
    42.466763,
    -70.9494939
  ],
  "quincy, massachusetts": [
    42.2509914,
    -71.0037374
  ],
  "brookline, massachusetts": [
    42.332918,
    -71.1187829
  ],
  "foxborough, massachusetts": [
    42.0653768,
    -71.2478308
  ],
  "springfield, massachusetts": [
    42.1018764,
    -72.5886727
  ],
  "west springfield, massachusetts": [
    42.105237,
    -72.6213712
  ],
  "bourne, massachusetts": [
    41.7412166,
    -70.5989196
  ],
  "lawrence, massachusetts": [
    42.7070354,
    -71.1631137
  ],
  "raynham center, massachusetts": [
    41.934712,
    -71.0435075
  ],
  "braintree, massachusetts": [
    42.2205956,
    -71.0041229
  ],
  "westfield, massachusetts": [
    42.1205411,
    -72.7489158
  ],
  "somerville, massachusetts": [
    42.3875968,
    -71.0994968
  ],
  "belmont, massachusetts": [
    42.3959296,
    -71.1786655
  ],
  "westwood, massachusetts": [
    42.2186913,
    -71.2233829
  ],
  "whitman, massachusetts": [
    42.0806617,
    -70.935599
  ],
  "revere, massachusetts": [
    42.4084302,
    -71.0119948
  ],
  "newbury, massachusetts": [
    42.7664975,
    -70.8458022
  ],
  "needham, massachusetts": [
    42.2802645,
    -71.2360624
  ],
  "hudson, massachusetts": [
    42.3913503,
    -71.5676895
  ],
  "holyoke, massachusetts": [
    42.2071184,
    -72.6075851
  ],
  "new bedford, massachusetts": [
    41.6362152,
    -70.934205
  ],
  "shirley, massachusetts": [
    42.5438051,
    -71.6497972
  ],
  "gloucester, massachusetts": [
    42.6153595,
    -70.6624608
  ],
  "southbridge, massachusetts": [
    42.0750465,
    -72.0337376
  ],
  "cambridge, massachusetts": [
    42.3656347,
    -71.1040018
  ],
  "canton, massachusetts": [
    42.1584324,
    -71.1447732
  ],
  "billerica, massachusetts": [
    42.5584264,
    -71.268947
  ],
  "sudbury, massachusetts": [
    42.3834278,
    -71.4161725
  ],
  "newton, massachusetts": [
    42.3300435,
    -71.194862
  ],
  "middleborough, massachusetts": [
    41.8931576,
    -70.9111517
  ],
  "northborough, massachusetts": [
    42.3196015,
    -71.6422408
  ],
  "milford, massachusetts": [
    42.1428913,
    -71.5164618
  ]
}