{
  "train_accuracy": 0.9980266403552047,
  "val_accuracy": 0.980276134122288,
  "val_precision": 0.9746835443037974,
  "val_recall": 0.9625,
  "val_f1": 0.9685534591194969,
  "val_auc": 0.9949567723342939
}